index,ph,Hardness,Solids,Chloramines,Sulfate,Organic_carbon,Trihalomethanes,Turbidity
428,7.63876177,178.2716356,18308.50267,6.548097821,362.3328717,11.29178773,81.98915623,4.496626599
1054,5.961301572,182.108995,23926.07882,6.188790308,364.975499,7.791637811,58.17482529,4.919585047
909,7.016836113,167.3621871,18014.9957,5.903058231,362.5234159,10.69258799,45.00201442,4.101397991
3210,8.430471662,195.7172935,35254.02605,6.703538564,314.7278355,12.26917795,46.48794951,3.253920433
1762,8.058135997,191.2779316,29298.35949,6.12917258,356.6452541,12.60620441,65.51136125,3.13060894
2388,5.711212506,145.8258687,21157.17973,7.954721153,385.2060974,16.68202455,70.47088907,3.953334967
33,7.414148196,235.0445345,32555.85254,6.845952024,387.1753165,10.24481507,44.48929725,3.160624468
688,9.514626622,215.725527,16553.56244,7.54785947,321.7762131,9.640241052,57.86542318,2.64503637
3068,5.620533436,226.9878364,27852.09744,6.521470835,309.2280913,16.93291132,78.43925129,3.439475848
1134,7.535700191,221.7924809,14829.74597,6.701159346,366.4122,17.73188235,59.68607582,4.208354354
1991,7.295141332,182.4066446,13706.18681,5.887885103,300.608233,18.06347006,73.83690919,5.056104024
2299,7.606066882,248.0414533,14609.97688,6.356555064,322.3565719,11.70609519,94.77524378,4.58147746
3191,6.985192202,133.4321324,21944.64183,8.577654501,341.2399071,16.17668647,91.70881337,4.246201595
2728,6.179312078,159.7732642,21532.51923,8.063334619,272.4408483,11.01054457,99.99628571,2.951960935
2632,10.18843265,286.5679908,7105.800709,9.840540425,321.6860585,12.87159907,78.73205511,4.635243483
1649,7.266598792,98.45293051,36490.14303,7.138813886,423.1874849,7.360771583,76.29028546,4.952733208
2738,6.857493758,233.210575,22603.64945,6.627059043,368.1057831,16.9261748,62.55789982,4.306581068
533,5.38984593,163.3443524,19646.23342,9.092721173,314.2375769,15.49632541,48.68658362,3.577674921
359,7.481535362,218.2611698,12088.41645,4.870660378,407.2965498,17.12096224,56.71102421,4.262065437
409,7.039094321,179.6452245,28827.36019,4.945555199,389.8892709,12.07920712,58.36350654,4.366031351
759,8.390500572,215.295518,27032.14226,6.553957722,282.859453,12.841611,46.36821941,4.150359337
3205,6.682097359,228.3031856,7705.298605,5.94735035,363.5369835,13.14044046,64.78395359,3.44982947
1677,6.58545023,166.9659605,30210.25037,9.508298704,340.2457661,23.23432591,72.79991739,4.275640248
3162,9.079715109,222.0426312,53735.89919,6.894915429,254.0409769,12.70488659,101.6153458,4.551724494
996,6.836224939,166.7429616,24293.17266,6.861235192,332.8815819,16.00699084,87.10192478,3.666613686
2681,2.376768076,129.8639728,11684.11164,9.97480788,301.4297473,8.741257762,76.31069468,3.629217768
1058,7.775385593,193.0771683,15704.48209,7.881197242,324.336203,13.37816481,89.05195717,3.309471716
1455,7.893818459,203.2966211,16853.67633,7.334428248,339.7675789,19.31875982,58.57460973,3.508503713
1260,8.522567733,208.1329997,16446.32805,6.729775469,372.5038427,12.00217768,80.75861775,3.358284405
910,6.871607245,197.5170934,19557.99372,8.311348727,355.0872579,18.24071162,65.69423039,4.180389312
934,4.700392724,195.3528073,35216.53427,7.91908316,335.2793762,9.852784882,64.72133077,3.481943696
1960,8.128270069,231.1675375,19954.57555,5.138838499,349.0673627,15.01808483,63.34096824,4.678742166
2036,7.276863125,165.7979519,30396.90462,7.835638736,281.8968818,12.3261836,83.39988926,6.083772354
1297,4.26526964,199.4994515,25634.53328,5.914884438,260.2612056,12.1987325,55.94236583,4.900446069
1361,4.906491593,173.7791592,14786.1389,5.843756805,267.5611435,7.775895593,38.79430673,3.152344905
1552,7.933067692,204.7242814,12732.88824,7.717186742,331.087177,15.66962824,55.40407966,4.534233043
2759,6.9204487,196.3194013,39251.18213,8.49378432,317.3823146,14.69784453,41.75372741,4.498818336
2547,5.665266377,162.8900831,31883.01031,8.312484093,350.6817323,15.63226808,72.45738493,4.571823611
1416,6.966835168,158.0430653,12256.67829,7.105619057,371.5174351,14.40808047,78.10073532,2.957441071
2960,5.571019711,189.7282292,26138.09761,8.83276203,361.8555486,16.16693104,88.72737266,3.931306748
2766,7.493843861,197.3312909,26678.39288,7.198434576,269.8923467,13.13491663,69.59080593,3.81994656
973,4.443850856,240.1679012,24070.26365,9.768406489,338.0524372,11.87758168,69.03652276,5.038118946
2042,7.669012537,205.5956353,11579.44169,4.263279092,356.1365179,10.82904486,83.24380782,4.589512953
1625,7.422225264,203.3233079,40148.12372,5.602313547,256.5904511,9.025661104,53.01958497,4.486512693
3094,1.985383359,216.4800247,23039.32851,6.769267637,344.0142562,11.4982369,78.7334413,3.923093197
1218,6.280978207,205.1231235,25972.80375,8.417895728,383.6714591,13.95471046,32.79902868,4.599432014
200,5.970035657,230.4493293,16324.1152,5.293918607,315.1861206,13.32598708,39.55424883,5.428674072
2404,9.624726886,217.3727797,25175.75416,9.883945512,329.1744541,20.27757141,85.8402577,2.615257476
703,7.333477726,233.7213551,16066.55212,8.181988065,224.212503,15.31397775,81.84206216,4.772662701
738,6.161779499,202.7569725,12229.64758,11.52359751,324.0480348,14.68592683,47.8031937,4.003547029
2329,7.136102613,186.5827058,19502.53897,8.095426538,305.4300111,15.64512979,73.88561213,2.574191772
333,7.022952113,264.5256065,15978.35525,10.95620546,262.0645514,5.315286537,76.02449072,4.971907099
2421,5.258414737,210.9294949,29228.33468,3.833901837,341.6406947,18.06501505,36.15210329,3.730792788
134,6.078335837,197.5019119,35957.79218,8.130472208,379.5277063,20.09841289,41.86595951,4.201580906
854,8.296344056,198.1970512,17468.9998,8.262903987,369.5907405,18.02609815,44.06162518,5.400810789
2428,8.848927372,262.5983294,24417.86132,5.399012624,241.1262977,13.26243912,47.11299089,5.992325027
538,8.394397412,187.6434114,10603.09802,7.840260507,352.8356398,13.3748312,58.95000171,2.83390143
1322,7.053116739,240.8517699,19500.34998,8.051172566,383.6678659,12.95557726,55.52219529,5.67199885
942,6.848805453,204.8127108,20555.55957,9.775004066,387.6863877,12.29875322,49.45204624,3.130044763
734,7.071314192,213.619625,20038.79642,7.602251874,290.0572188,8.713963616,58.41345969,4.29372656
1222,8.151248962,205.8473007,15661.94034,7.009437062,335.6227789,14.86113268,72.76258491,2.799883321
998,6.490037175,205.5415172,19397.32389,7.894244798,368.561073,15.80508483,56.98201954,2.430883294
925,7.602121475,199.3531655,11346.14345,6.900379647,304.9664881,17.92578239,62.84667263,3.698874769
2878,4.317187354,225.5145731,27163.45788,6.888135538,325.9336794,17.15294541,43.38591414,4.078277145
2790,7.266781486,178.2577102,27468.68171,6.043959345,314.3906281,13.66532797,87.13187299,3.919827045
1879,8.829806178,216.1221437,17732.91467,7.856311801,377.2538339,16.21071289,64.40935886,4.423886042
2374,4.740056688,176.6556313,24069.33591,4.01344441,367.8050161,13.20422003,77.8803755,5.467935706
2824,8.801846046,205.407825,13121.17194,6.701766574,263.4827277,18.90903521,67.96334191,4.031495953
309,10.04102797,113.8311122,16266.43445,7.939074358,363.8668902,13.19534068,75.23322131,3.807562606
2524,6.317576554,143.2999595,22577.81894,5.690078271,338.8971999,15.31551466,48.97388657,3.399047914
2398,4.881729594,136.9904663,19105.0149,7.264677555,419.7164117,13.39939183,75.93405218,3.050197585
3264,5.893103408,239.2694815,20526.66616,6.349560868,341.256362,18.96370676,63.84631932,4.390701604
695,5.085429353,173.5659711,33455.24099,6.033247172,351.271267,17.79595745,62.46613537,3.96173067
1004,7.884841993,229.2426598,21733.82804,7.903081469,315.1899838,11.63539928,49.80432225,4.631640754
1296,4.249890379,168.5721461,16073.67062,5.360895563,261.2677066,11.34921023,86.94689686,4.116347641
2658,6.836059947,205.6677185,18321.3275,6.712854186,297.8371878,13.8089233,70.7142255,4.952508247
1973,7.91803917,197.3575883,22899.06291,8.283955431,295.3510702,12.95778504,71.69435135,3.386109813
1793,8.885626344,171.8397767,19113.01191,6.503297311,404.1043121,17.62359407,76.83122645,2.993300944
3130,8.140344463,153.7481702,50793.89892,7.843497716,306.2189501,14.32201887,65.0766099,4.362792108
3016,6.255149749,153.6404934,24316.16334,8.211595059,367.344534,12.50366065,91.27079223,3.146482536
2414,9.159660477,195.4233158,16679.33516,10.11046223,301.7464106,5.196716755,55.46675876,5.452362325
1334,5.742533063,182.941032,21293.88975,6.826412756,306.5430715,11.14407224,68.61239104,4.272202758
1542,6.347020018,97.2809086,19743.14842,3.40268159,305.4312362,15.09409115,86.55416824,4.526350939
745,8.082148076,185.9324194,28407.66103,7.605420788,381.7618836,12.83064631,86.97972392,3.373484514
1888,8.662709501,173.5319472,20333.0795,5.636388433,439.7879384,16.28331118,89.92425262,5.120102528
1793,8.885626344,171.8397767,19113.01191,6.503297311,404.1043121,17.62359407,76.83122645,2.993300944
255,7.657991237,236.9608892,14245.78912,6.289064859,373.1653628,10.46423858,85.85276861,2.437296288
550,7.46072722,237.5796125,25222.956,7.277442762,316.5623313,5.914617068,62.04418318,3.949014618
2926,6.782868548,196.1825585,25366.7979,7.200358355,312.4265913,12.11847464,76.34799427,5.468590847
2456,4.921093903,162.3005936,14126.59053,6.406814395,357.8159294,21.23789913,65.70448052,3.285186851
914,5.791154373,190.4316792,20288.23557,6.298365795,347.0410203,17.70683826,84.38819143,4.104834817
2408,5.72968912,173.9750271,14304.76308,5.340088453,369.15397,16.42422724,58.15768751,5.100552354
271,7.275908774,175.2203765,22644.76635,7.886854527,293.3098537,17.41168255,56.79928677,5.062297798
2987,3.730128007,230.2994554,16892.89566,6.997171607,323.5204705,10.34214562,47.09550577,4.943032174
801,8.900864697,211.3068119,9592.151333,8.863272376,348.4378199,18.26795085,68.33316991,4.51875067
1851,3.878879389,177.7128409,21937.47157,7.369768571,299.2416239,12.45191188,63.16311346,4.927711075
3012,7.795557629,136.0906769,26484.51532,7.555320481,426.5000222,14.5449484,51.49119684,3.629252282
133,7.977635991,245.8951304,32170.06916,9.635636083,399.5831549,11.7283382,23.8170199,3.5521295
181,6.511618075,181.8734217,29136.81462,7.685775096,345.7516385,12.32123216,52.43761714,4.850433708
1310,7.818274839,179.2182173,27558.54253,7.504452893,315.4474916,12.61866666,52.37747732,3.329243166
2312,6.26637841,163.3854045,28141.2165,8.508750972,376.8705555,9.938444984,50.15973381,2.936610535
359,7.481535362,218.2611698,12088.41645,4.870660378,407.2965498,17.12096224,56.71102421,4.262065437
275,5.324941856,280.0896549,35344.65805,13.04380611,180.2067464,10.50481955,55.08466785,4.427137926
2675,8.50697907,197.7451412,20098.19952,6.456555757,344.1272534,9.028358906,78.93309631,3.881793835
234,3.664710562,201.0973162,28102.75663,5.682035302,330.0235306,17.47063098,75.10180148,3.316157657
1720,5.62122732,221.6494395,11123.88616,8.809433144,314.8713417,19.31253635,84.37732322,3.440753325
1595,6.917858355,200.7055053,27651.6091,6.529774496,321.6964552,11.28338664,91.94218052,5.544167317
2931,10.19166524,211.5669045,13630.04731,6.524476299,297.0490657,17.41174671,72.7205726,3.403422698
406,4.725785565,249.6709994,20834.29428,5.036010053,378.9986845,17.76964143,78.81743621,3.15633142
2714,6.991685153,152.9762171,20389.59382,2.648389907,331.2529164,15.48537787,69.67003777,3.72482356
1133,7.890354274,180.158098,32160.53392,7.773484086,360.2839834,11.24646038,60.29218733,3.209588058
2041,6.420640206,180.2929997,26034.5282,9.710618837,308.9578864,17.72439599,57.59663575,3.139940274
1161,7.55796363,156.4618716,32833.43117,3.311607257,257.2765541,17.85721377,62.5531361,3.292270153
744,7.481397772,186.0747655,13781.78028,4.64925393,377.3443719,11.68712384,66.29164984,4.03997629
1586,8.242558635,155.6161124,24042.18816,7.639210005,338.293868,13.2658526,66.57795245,3.529427237
2189,2.558102799,147.490575,21316.50673,9.142233666,312.0542387,11.51966908,83.27758326,2.817258117
2160,8.66397482,206.9231635,29551.33415,6.030275707,339.0322662,9.139903342,63.76576126,3.689241361
761,9.850054687,208.740232,35289.23711,8.350110052,337.2097419,10.10514594,50.88600603,4.521836127
2891,3.762097646,196.0242554,45050.00228,8.72558214,324.1462401,8.662214826,85.15712737,4.98606933
388,6.448931033,240.244771,13979.16572,9.077984756,314.5904772,17.41690264,84.0247864,3.622195522
2975,5.984941215,180.7765617,33244.5556,8.086517017,364.7063937,20.47181676,50.14160182,3.488675274
2001,6.559252621,164.6359208,30660.20967,8.852270123,272.5242628,10.95830566,83.66233135,4.216315016
472,7.920794564,173.3571506,13454.63478,6.947895137,356.7681193,16.47783972,68.00050835,3.374326523
495,6.340809022,158.3427412,15288.21377,7.599751702,342.4477002,9.237117976,38.10391717,5.45860969
2957,9.130828108,209.7430438,11643.66348,6.594682307,326.3945768,11.27406477,67.5282879,3.074134305
2286,5.973951249,182.1433283,26804.10949,5.737988259,399.2536901,9.209972147,48.9373285,4.208923205
2465,5.097786226,182.8190154,23590.31371,9.128797717,326.3348629,15.13778139,68.60810286,4.829323364
1380,6.710633528,203.6429167,23748.18399,6.726664086,342.4414335,15.87954857,63.67695249,3.863286909
2819,7.356056778,234.7823016,31409.06398,7.395529683,283.5095825,22.16632099,87.39912189,4.54991684
1940,7.369087139,198.2040824,28232.01841,8.899711626,289.5996918,18.15675398,31.59940356,2.715186685
1833,7.161714893,238.3335841,13680.76414,9.274119529,284.407842,16.83629125,74.38357982,3.909973568
2029,7.560392023,223.23225,14739.06854,6.731610676,372.0289087,8.900408731,62.13428073,4.257805108
1979,7.201702375,147.7110861,37308.99416,5.677451117,279.1644463,13.32612501,63.6268939,3.883250198
76,3.514545529,158.7320758,23029.66361,6.821679099,286.5228468,9.712231911,79.85092857,3.762615331
930,5.088213197,159.9626123,39125.2092,6.055622508,375.619186,20.18959951,68.68869382,2.600618679
1178,7.186931122,177.4865333,34510.753,4.98443183,295.8341509,16.77754027,62.75689059,4.275645348
116,7.183825723,261.8507998,14100.96899,9.008495194,358.7247021,17.14990713,82.0251158,4.597165512
1005,6.168838539,238.3010478,24827.51664,7.720010959,269.4901733,22.09199022,79.1692811,4.435760073
3211,6.81760838,219.3374288,27548.61418,6.298121347,340.9376138,19.48679098,68.56879118,3.04829206
663,10.01518906,210.126717,9064.035831,7.198432415,363.5618201,10.2130582,92.64389187,3.846547549
1979,7.201702375,147.7110861,37308.99416,5.677451117,279.1644463,13.32612501,63.6268939,3.883250198
495,6.340809022,158.3427412,15288.21377,7.599751702,342.4477002,9.237117976,38.10391717,5.45860969
2957,9.130828108,209.7430438,11643.66348,6.594682307,326.3945768,11.27406477,67.5282879,3.074134305
894,5.492155983,176.2714037,26422.09789,8.072933638,366.6447662,7.609797727,59.39678681,3.294129366
1107,6.799375518,239.0576795,7986.493239,10.36567986,419.8811751,18.82859407,43.44064402,3.819985377
2316,6.791992649,210.4079665,30471.9291,6.61443797,326.585846,19.98555517,61.12014349,2.91405748
2294,6.756659807,212.6418576,22112.74635,8.332209743,275.2404444,14.17406266,76.31744035,4.184873593
496,5.980357227,181.2587047,11826.29428,3.688504447,356.1666135,8.828688919,60.20638097,4.247240149
2701,7.822257363,200.0027932,22411.00686,5.283593552,343.0803772,12.27307332,75.25621195,3.080865919
1409,8.170588045,208.2791813,12806.83233,5.489258691,322.9239977,13.38954876,28.56636437,3.995857049
258,9.802720782,98.77164353,27357.45674,9.218150393,323.1990765,14.16893351,59.45443977,2.764633881
2588,6.559627885,152.1152127,22624.03418,7.761108314,387.5188104,10.10746247,55.28667061,3.664463031
2481,4.031610444,145.483239,15105.3731,8.18081336,333.71087,13.8064055,85.67905324,4.037939155
2401,4.08359488,201.9386434,20555.96549,1.920271449,341.5971527,12.226676,69.28977861,2.974870903
2003,7.880685943,226.0038444,19486.88184,6.208574003,356.3380794,11.9952395,55.02916552,3.579983811
61,6.391353624,213.0178297,20965.47831,5.375559892,327.6505425,13.75810517,17.91572257,3.923749169
208,10.02615916,224.2663577,14962.17783,7.428313128,336.9729496,18.85851888,65.36345158,4.182277582
2472,8.246369054,207.1721681,31080.43208,6.096360029,332.766156,17.53395379,55.03017501,4.43325661
434,6.143921454,175.274076,29072.16965,12.0625362,287.6981571,13.14249297,83.27965821,3.476213304
1382,4.405327147,169.7425372,15039.71041,6.308198373,352.9177334,14.44175361,79.16959736,4.086867245
1532,6.028101118,262.8084777,17150.10055,9.378390092,380.3013502,20.63759873,76.52907701,4.080786271
2824,8.801846046,205.407825,13121.17194,6.701766574,263.4827277,18.90903521,67.96334191,4.031495953
1195,6.002414612,196.0029378,16136.43327,5.687754931,301.9809379,11.98832391,43.91263381,4.315308015
1440,6.629993518,209.1570219,20487.92383,7.278911619,332.8775737,20.75175131,60.23684354,3.155213653
1959,6.74881155,166.3909151,22475.09296,8.895421661,317.6203458,12.81926988,55.5362628,3.312512766
1034,7.117917746,216.1163186,20067.57279,9.605650817,349.084949,17.5391297,84.03285792,4.213567957
129,6.506487767,202.2859379,17087.0769,6.201982767,326.6623683,16.53518593,46.20574791,3.548775589
2867,7.125211076,209.7467712,16701.56598,7.45874145,320.5009449,18.95279673,92.34737526,3.908075346
2537,5.49978773,150.07609,43195.47367,6.570596052,322.5165819,11.23040822,71.82128076,3.668220483
1019,5.744067537,173.8508816,28391.99819,7.017330331,355.4615889,16.89517971,65.44736154,3.171655208
652,9.042582866,221.3201844,14149.49983,5.325852715,366.6684085,13.00844311,87.89616571,4.34844014
745,8.082148076,185.9324194,28407.66103,7.605420788,381.7618836,12.83064631,86.97972392,3.373484514
1030,9.608533594,231.3402282,4544.841718,6.577834048,300.9223297,11.78961929,78.56818212,3.042796944
439,5.873157137,153.6733815,21910.76357,9.752878652,319.3567433,14.1541096,65.2346293,5.120887965
1079,6.744799075,204.0843182,20215.69752,6.125251638,304.5279374,12.014243,72.60807608,4.86854263
1441,10.30157127,199.6093636,11278.82968,7.464893143,433.4481681,17.09909636,63.19083547,3.857851975
881,6.571099217,207.741025,23372.88265,6.280195162,313.8469725,12.87480498,75.4167102,4.555949236
2216,9.671796765,130.6083633,30220.61249,9.309141832,370.2948673,18.02400519,76.15971773,3.895103866
544,8.313773604,196.5476964,11310.95831,5.31081523,364.4050673,8.457141855,76.69457951,4.290071516
730,8.12934172,211.1233123,22982.92744,6.779005477,326.3979533,13.91093319,55.79535664,4.822043564
3169,5.666446145,142.1478106,24383.74154,9.989551221,320.2642831,23.60429797,77.03048701,3.836823301
3230,8.659113027,114.8075784,23514.63665,8.735315343,333.0272047,16.55907627,52.86637312,2.89577428
1564,5.632731647,283.9972841,28315.43778,7.144655075,318.465146,11.81323117,67.65102459,5.114607051
2346,7.617033494,242.9894019,17681.27236,2.855789795,298.4132377,10.06522524,76.51317021,4.299543396
2373,8.756926859,218.6377589,21752.02971,6.454876484,276.2781002,15.71314852,67.04963886,2.945671727
2838,6.761413709,216.532498,32156.81944,8.723064212,343.6011043,20.31469147,60.52159304,4.350206872
888,7.183095932,200.368159,13501.67797,7.982096708,358.3318489,11.17654813,71.5368343,3.806539439
2177,8.026773256,169.333843,19168.52677,8.081496162,405.5273372,15.17753397,68.00393183,3.735983476
268,6.869638941,251.2934475,21728.8213,8.803174745,279.7768565,12.99414,56.40970792,4.726702454
2781,8.32398215,262.2185853,21292.82875,7.076944002,350.3257358,17.68465463,72.34381221,4.153782657
390,8.544708662,181.4134021,31429.37903,7.55502971,350.3970819,10.24723219,82.72191192,2.31815248
2024,7.927969553,224.7210589,27402.02,6.875298924,343.2863135,14.13712036,32.43852619,4.847262262
1942,6.50411278,171.722555,20852.7645,7.704989892,282.1055454,13.4752729,83.62226024,5.396623142
734,7.071314192,213.619625,20038.79642,7.602251874,290.0572188,8.713963616,58.41345969,4.29372656
2747,6.607503311,231.5657988,26420.80956,9.577820263,418.2409428,15.67120307,61.36442099,3.447111219
434,6.143921454,175.274076,29072.16965,12.0625362,287.6981571,13.14249297,83.27965821,3.476213304
1781,8.141861116,210.3765614,25433.46501,8.390811851,385.2366564,11.48352362,85.30071701,4.136950486
913,8.238878989,198.2134051,11451.31222,5.30898956,309.3294235,13.24332928,81.19771043,2.784712797
2956,4.560916536,165.7731189,22939.14438,7.988231918,352.7935278,13.56415012,79.3165852,4.123621736
1900,7.754884394,210.7207687,18857.0585,5.69375192,376.4846222,14.70859901,43.2998201,5.128390055
2759,6.9204487,196.3194013,39251.18213,8.49378432,317.3823146,14.69784453,41.75372741,4.498818336
1297,4.26526964,199.4994515,25634.53328,5.914884438,260.2612056,12.1987325,55.94236583,4.900446069
2037,7.493290816,216.3818796,9465.323905,4.947531357,341.4606318,11.24750722,52.95136272,3.74874691
1581,5.991371082,186.7226312,28702.95238,5.922292949,338.0275987,17.66455498,68.57319774,4.53937115
260,4.997770601,280.0824107,26849.19474,6.130756542,374.2329606,15.57157096,70.56027461,3.404632906
249,6.755145902,231.2601313,18536.69865,8.757133179,342.5480142,13.88883433,79.30243573,5.162729749
1590,7.740383939,179.3023814,12477.77182,9.989628391,421.39399,8.412402057,66.16343924,3.01336084
2373,8.756926859,218.6377589,21752.02971,6.454876484,276.2781002,15.71314852,67.04963886,2.945671727
2844,6.658833572,182.3895592,16828.8806,7.071299152,355.8968904,16.61805278,69.41228382,3.96974044
3208,5.628313272,192.3407437,22856.7429,7.764692573,343.0395093,15.1999056,50.22994366,4.061644661
2879,4.227537386,201.4474866,13122.32958,6.932557933,374.8435383,22.8232931,76.46942648,4.479628314
3215,5.608623152,271.882219,43680.22252,4.157335299,366.8665331,16.44275314,61.24976188,3.777508267
2322,9.16099754,241.3830971,28170.8851,6.819603096,262.572042,8.120978575,48.25957164,3.542527793
1919,8.458796988,241.76834,29317.14244,5.783275484,313.8855478,18.2960013,84.51098531,3.827431411
1866,6.922652371,185.8189891,14682.66584,9.886831314,341.066404,22.46612757,64.39542225,2.877354267
915,6.153368957,237.1398278,22052.03462,8.090493963,306.2391799,17.07526259,58.10825856,4.030337485
1710,4.313219151,191.1193373,12770.83183,8.231574473,284.9459493,13.50127057,76.44396141,3.923590202
385,5.541979019,185.6718736,20143.06526,10.23617597,209.4710584,18.46401541,49.37131866,3.672975983
1387,8.397248096,199.4958113,16772.22625,8.117217578,343.4037644,17.23604716,75.8535486,2.835794284
1584,6.715799479,193.1625009,16006.97259,6.369162812,314.4524251,17.86553321,85.19251082,4.999752023
889,5.923441415,167.6586022,25951.55404,6.296103203,350.3819811,15.77046418,53.32181233,4.10736363
1544,6.777506359,207.0507483,15228.91291,6.182409482,321.3994036,12.68372439,86.16597061,4.263180268
655,6.604007989,212.9784674,23564.57966,6.608205099,325.3538597,14.35290461,33.40304793,4.458966913
302,5.667650647,229.9283665,16953.89874,8.774306102,293.5742499,14.25464074,54.43670238,3.633213756
1986,6.630251709,160.9203841,22557.77958,5.305394004,338.6308276,15.79310142,53.27603262,5.181202492
2100,4.894278074,184.5527153,10922.54199,7.461702679,352.8302222,21.62471839,91.00793416,3.594990864
1038,5.368125754,190.9379793,32619.31297,8.098838845,351.3581338,11.98363521,107.9008419,2.004142586
2966,6.040281662,139.7708723,20472.87459,6.810977798,357.5932769,15.88225168,53.2790417,5.761580322
1601,7.118980168,160.9626028,32528.11561,5.089127566,292.2878884,10.00814598,61.67980126,5.349210586
1113,8.775485734,157.3542892,22113.39145,7.931502717,304.8078454,15.69283855,82.92934548,4.393944466
378,6.105140135,249.141391,45249.44903,7.369360303,338.7713073,11.25177781,88.65747732,3.103089844
1010,4.797460182,190.3151268,21280.24656,6.188502912,326.7941938,11.71382102,63.86306846,4.038502789
400,6.259651603,208.3794303,37356.7464,8.565487273,256.4738386,5.567692791,68.44186536,4.213405262
2849,5.023380784,136.9768791,15040.84148,7.58802134,409.9187017,14.24509139,71.9838514,4.477351412
630,7.918150471,214.1866109,23823.49289,7.290877676,341.1733217,19.58500189,25.05737466,4.028958007
1037,10.20142576,190.799079,8918.8926,4.89987481,306.4953695,18.52543363,68.54744754,3.964449588
1524,7.605674821,210.3714356,9583.710441,8.509403339,371.4716905,11.78126502,86.51347439,5.554074526
2049,7.096047101,221.5082446,17240.02106,9.181472938,322.6168783,16.5762003,78.12209062,4.785637378
1902,6.405392482,183.867245,20526.30684,8.450272355,366.1766336,13.44879664,69.05413814,4.531920781
1889,5.897391121,172.0343853,30575.35714,8.649614737,393.5548922,16.31165824,74.54398067,2.961602418
1303,12.24692807,217.3680142,11318.14056,8.465160384,375.8947584,9.762504595,73.83240481,3.533243425
2484,6.653649515,172.5845122,34816.44454,8.289306745,293.6110485,15.87247449,67.97686941,4.871406193
161,8.927078148,241.875105,22821.25438,8.549738274,367.9755579,10.85928728,75.85706782,4.601860959
1960,8.128270069,231.1675375,19954.57555,5.138838499,349.0673627,15.01808483,63.34096824,4.678742166
1594,8.73352533,203.3961302,24578.42122,6.594144886,288.6784626,16.70192017,68.79306179,3.1492018
2741,8.560349291,244.7967052,14254.66132,7.453900171,315.9711474,18.22874853,57.3655411,2.939212581
108,6.098156521,189.995846,27776.90105,6.443097878,347.9304004,14.63688226,73.42463246,3.977362364
460,7.179864149,180.8542106,10859.55375,8.263503442,341.3024863,12.06531693,83.32991786,3.878447314
3157,5.860574155,240.8871444,18321.99232,6.04638549,351.0497931,8.997226333,44.6156603,4.277241102
1081,8.546145555,177.8462444,23349.48542,7.652073245,352.8170527,12.35738526,108.849568,3.505300168
1094,7.741245059,218.2371865,22824.69947,8.696478834,363.9927477,15.3106314,73.72307012,3.741143366
2781,8.32398215,262.2185853,21292.82875,7.076944002,350.3257358,17.68465463,72.34381221,4.153782657
82,7.408985467,204.9617498,9566.12227,6.505923139,311.4526625,11.53214401,81.10693773,3.772420928
1655,7.260904363,189.077962,21391.16254,6.576866192,356.6222215,14.39160618,81.08245565,4.383823385
1353,11.53488049,183.2622614,4111.785432,7.416772689,398.9553448,10.83979553,69.42003481,3.000096239
1993,7.657541728,230.8200077,35056.23223,7.656806896,364.1301406,18.48139641,72.20507471,4.792527452
3032,7.739325711,207.7643262,30412.37233,7.813966644,289.4136361,19.11338156,52.28110428,3.645785495
2234,7.345138417,202.174463,17032.77373,6.212629076,361.440487,17.29974005,89.07786517,4.297994791
1743,8.895574458,107.3833271,27622.74627,6.163319674,460.107069,13.99513554,78.34841499,4.754234802
1318,6.724639342,223.1754155,41552.01966,7.744699887,271.1571199,13.16503461,61.05879567,2.921414772
3130,8.140344463,153.7481702,50793.89892,7.843497716,306.2189501,14.32201887,65.0766099,4.362792108
3239,9.960689858,169.9252485,15835.12282,7.143906656,301.7772526,13.56399225,71.59386576,3.434538463
238,7.436782609,208.094004,28544.61629,6.500052537,339.0238982,17.11527603,65.31127723,3.727663719
939,10.8112895,209.10305,11848.22827,10.14106005,349.9232292,15.47487594,66.03031726,4.416183694
656,7.14394199,153.2363644,11553.03928,8.444687185,329.4044567,11.26688617,81.7184127,3.792840307
3089,9.842056294,217.8967725,6785.145303,6.028898228,333.0735457,12.36553807,45.82200411,4.179197763
3082,5.093675135,251.3137795,30245.95697,6.718829673,267.0260928,14.88242819,70.7784081,4.552571442
689,8.842463656,229.9644224,7839.31876,10.50880989,278.428265,15.79097733,77.16661878,4.576728706
2547,5.665266377,162.8900831,31883.01031,8.312484093,350.6817323,15.63226808,72.45738493,4.571823611
2356,5.498514693,180.8251138,21542.83003,6.707094592,352.2507113,13.18343156,68.90437022,3.074815428
1164,10.48680842,185.0879142,26453.00335,9.548769015,392.3462516,15.97601765,47.40009252,3.804352132
2902,6.58800729,244.9432199,23898.97448,6.780936115,273.7366439,9.250627524,47.3887398,4.216454466
1582,9.723377231,190.8974211,9076.646483,9.75208796,357.3847087,13.3078238,62.82668747,4.072063353
1218,6.280978207,205.1231235,25972.80375,8.417895728,383.6714591,13.95471046,32.79902868,4.599432014
968,7.8564711,204.7834281,5619.135558,5.816703198,343.5454193,14.94772039,55.96161318,4.534681098
3149,5.731042139,223.7049656,1351.906979,6.496722628,380.5140788,14.6729271,62.02362962,3.675807027
2387,4.901906856,141.9307813,13614.75093,8.306960458,368.6186876,9.921623325,82.66016492,4.103534274
1365,5.613562647,204.5693658,16615.90815,5.618949091,316.0998242,15.17395626,73.4501645,3.465088676
2165,2.803563057,186.1239242,11920.90742,8.642034107,332.7445192,18.48218482,87.6974435,3.489938597
1926,7.059940234,178.8053803,39484.63892,8.5911131,281.3861972,10.79548173,75.84754249,2.949938823
1067,6.994194675,216.6653186,23027.38526,9.796329895,382.1529774,18.96725863,59.65152321,4.398900709
3032,7.739325711,207.7643262,30412.37233,7.813966644,289.4136361,19.11338156,52.28110428,3.645785495
1872,6.136907177,151.784319,20561.69473,8.487855965,384.1560786,13.71370292,96.58286502,4.704585018
2749,5.913132933,184.3931561,40847.76015,7.04182775,331.9599637,21.91737699,58.83920331,3.900211314
760,7.58194468,193.2864626,21675.68287,9.82149852,381.930744,16.10916917,92.60908364,4.833345774
296,7.12942473,178.3723523,25840.57889,7.487823264,312.9827267,16.40615622,69.15760946,3.418610803
363,4.812433652,250.1839535,11465.57564,4.362641198,398.1619036,18.2100315,62.51146711,3.0209959
7,8.635848719,203.3615226,13672.09176,4.563008686,303.3097712,12.3638167,62.79830896,4.401424715
1905,6.967861397,183.9334762,13401.04439,6.457686555,371.7883636,14.5842314,66.02915612,4.893215273
1122,5.905906954,223.1418815,13464.48716,9.125163916,378.1083058,13.53166045,42.84451085,2.917284056
2029,7.560392023,223.23225,14739.06854,6.731610676,372.0289087,8.900408731,62.13428073,4.257805108
701,8.596767212,202.3431875,15173.47115,7.248624986,373.6533277,15.0086742,76.87966926,3.238692933
3092,7.260319682,194.2477421,8127.071254,6.674031761,394.5558349,16.00502153,65.02396013,4.282314756
1923,7.463915951,215.4790683,27150.3954,7.782915308,382.9587368,14.77709169,56.95693886,5.075843604
2927,8.28876546,211.4527443,11234.04147,6.385510464,360.8433115,15.0985705,62.9999989,3.580523461
1462,6.898315041,228.8028036,45939.68916,9.56402666,377.8135054,13.87299426,66.98358863,3.822307139
677,9.107330383,202.5147114,24678.32929,5.57590637,334.7173347,12.93732874,46.93525183,4.492139949
2164,7.038092306,204.923285,24607.0881,8.080155764,280.7456229,10.80755685,59.91244205,4.237697607
813,6.435722717,214.7246693,9363.853988,9.997623567,273.4631394,12.92586966,71.42858985,4.925339107
1095,4.187490815,208.3741881,21809.70983,5.846112042,327.4742031,11.23514423,46.68259729,4.592959344
673,8.165714933,203.4193307,16925.0123,5.574341667,337.2523247,18.36143559,60.39354848,3.92011648
370,5.628406919,226.8300426,28334.49194,8.012496989,293.9242728,15.01924062,35.17866216,5.050683115
734,7.071314192,213.619625,20038.79642,7.602251874,290.0572188,8.713963616,58.41345969,4.29372656
2311,6.450805743,198.4931562,19002.31466,7.306447324,335.4821937,13.72408683,52.86038799,3.275581182
42,7.145771545,238.6899285,28780.34043,6.814028701,385.9756505,11.0931634,66.13804475,5.182590704
2363,6.073684981,140.9261955,11795.31358,9.128422114,437.6471625,14.93484953,48.0189662,5.249069811
1890,9.494242648,274.8283693,21879.70421,5.265718338,364.6826343,13.63601398,62.11964303,3.18902554
695,5.085429353,173.5659711,33455.24099,6.033247172,351.271267,17.79595745,62.46613537,3.96173067
3042,4.933106138,162.1843817,27771.08013,7.757701625,317.9354107,14.26174295,77.1421038,1.45
814,6.365497241,205.0565358,7040.737621,11.30283119,325.3285434,16.35285801,74.31259212,5.125416576
2519,6.175164949,193.2826017,32875.19206,10.89666275,337.5062107,12.99782291,69.86738195,3.341369291
284,7.958984292,171.4836247,23625.81389,9.537735147,259.9799662,16.11711046,107.7540426,4.698007916
280,9.794558699,129.8709584,20682.73174,9.390842593,291.9800835,11.85322809,78.71146943,2.945418738
206,7.895469246,154.2657803,7769.616119,7.205262042,258.3128794,16.42004096,63.01601758,4.2369473
2421,5.258414737,210.9294949,29228.33468,3.833901837,341.6406947,18.06501505,36.15210329,3.730792788
2447,8.468694415,151.9543007,19148.22474,11.93044797,390.8073613,9.901729763,70.26995931,4.375598892
670,8.892998479,224.078183,22960.18064,8.982036449,274.6894585,9.693048967,59.57721177,3.619132805
531,6.145148361,197.5410721,39657.27211,9.900159427,288.1578825,11.58737783,120.030077,4.600885755
254,7.174135163,203.4089346,20401.10246,7.681806287,287.0856791,14.53351004,74.40561603,3.939895657
2105,4.229224559,207.6692294,21214.37051,6.844547822,304.2751246,13.48942404,65.30756991,3.73313957
268,6.869638941,251.2934475,21728.8213,8.803174745,279.7768565,12.99414,56.40970792,4.726702454
3216,5.609235359,216.1226734,14825.9345,7.001788101,355.2116785,9.77951771,41.24997685,3.224675518
979,8.163076383,183.1618528,20335.67651,6.028559417,333.0844548,18.24809789,49.6048424,3.287243971
2801,4.85558776,145.7903699,14905.25591,9.829674656,392.6674818,10.44659031,52.28948388,4.697153026
2357,5.652501287,187.8311802,25868.59873,3.523713941,338.0288521,15.49632921,72.54525642,4.856444192
1947,4.704698462,160.2118222,5128.457646,8.283068934,357.7310768,14.21953213,34.28841274,4.109924712
329,7.672909523,152.8783051,22989.35118,6.231913253,343.4390173,14.25268374,64.29129182,4.268227482
2475,4.99139689,141.6223953,44499.72871,8.260928446,335.5098302,15.35087273,62.89655827,3.92659873
893,9.055825785,196.4758989,20226.28794,5.838594348,298.8035603,12.81363426,84.2792184,5.45691283
3204,8.077260886,125.3027194,23931.28283,8.773161931,317.6933312,15.27958268,62.66835618,4.279871302
2181,6.538084087,197.4281988,15979.06027,7.424944591,273.7192819,18.58495937,77.73081437,5.143750122
53,9.147197055,211.7141418,11920.61084,7.230794769,339.7519188,18.27531211,47.63488493,3.794531591
1059,7.617148871,196.606942,27080.26872,7.382754883,345.1798873,8.547283221,60.14470242,2.391540006
1655,7.260904363,189.077962,21391.16254,6.576866192,356.6222215,14.39160618,81.08245565,4.383823385
2746,5.63692356,159.13941,27283.78065,6.918726503,328.9072866,13.61140839,36.33519851,3.007138099
2268,7.83431924,171.2887849,25918.56795,8.589393961,307.2286661,16.407803,60.18211487,3.532936096
1010,4.797460182,190.3151268,21280.24656,6.188502912,326.7941938,11.71382102,63.86306846,4.038502789
1132,7.058182608,187.9471911,26608.92915,8.556396061,405.4034233,18.42838695,41.29033047,3.613834771
2417,7.15905299,161.4787104,25591.84098,10.189528,367.5963965,15.44784173,51.18831727,4.291668967
2938,6.392760459,216.675543,19323.67725,5.906405486,283.2055171,14.98264622,41.58660591,4.421528142
1447,5.122648455,195.0188878,17279.51375,7.027441295,336.466042,4.861631498,72.83753967,3.504524534
3271,4.668101687,193.6817355,47580.9916,7.166638935,359.9485744,13.89441852,66.68769479,4.43582091
436,6.384824009,243.6880749,39960.29895,6.697657121,297.1855495,15.96749019,54.9303173,4.144998518
363,4.812433652,250.1839535,11465.57564,4.362641198,398.1619036,18.2100315,62.51146711,3.0209959
1122,5.905906954,223.1418815,13464.48716,9.125163916,378.1083058,13.53166045,42.84451085,2.917284056
1948,7.976900874,234.7793796,15360.83507,5.736026878,377.1781189,14.19127381,48.91588146,4.753607931
2579,6.891549222,184.0746276,13376.68047,6.866434553,333.8024747,16.58620538,81.7128488,4.958936841
1528,6.788291583,182.0368954,25661.36054,6.939853225,352.3449293,11.83538218,71.43603837,4.255948317
1599,8.22708313,274.351887,40546.95633,7.130161148,241.4469173,9.809669142,79.39710489,3.619181848
2113,6.519847784,183.2259978,14284.64792,8.389077863,373.0915755,11.63847478,58.661649,3.272286086
537,8.742229882,179.4098037,9694.354896,6.577127954,368.504321,13.92500999,85.77932445,2.842393186
901,7.344975869,182.3069422,5689.804405,6.764349993,373.872785,20.4839023,73.48898065,3.418763195
2004,7.498372459,236.714399,21736.37332,6.588566093,407.3120824,20.7376636,68.31434712,4.242241799
1006,7.230845307,177.5748031,17864.68939,5.818229016,343.5933324,19.91295017,59.30305302,5.622018081
100,4.270716195,166.8377085,24405.25053,7.391510138,297.2067392,13.47852645,54.47483954,3.763905903
361,7.063646976,140.6128657,17941.81126,6.2753046,376.0461562,12.43973968,29.46842812,3.39586624
968,7.8564711,204.7834281,5619.135558,5.816703198,343.5454193,14.94772039,55.96161318,4.534681098
1137,8.722143777,151.621132,28301.51695,3.651961339,248.0947589,15.15117258,79.53836758,3.274628642
990,5.477283049,165.4360934,29046.08352,5.523010781,370.8930851,17.26518634,80.23479708,6.35743852
2844,6.658833572,182.3895592,16828.8806,7.071299152,355.8968904,16.61805278,69.41228382,3.96974044
1012,7.581687577,180.7491402,11989.24624,4.977306609,328.1769777,13.56125295,39.21591748,4.457282487
2263,11.23542596,178.5964959,33773.10706,9.063042096,327.6509604,17.98625524,58.98665173,5.147055276
1469,6.739849728,197.3744818,34702.41785,5.869684683,261.0680058,17.75791679,91.38460524,4.379630439
2931,10.19166524,211.5669045,13630.04731,6.524476299,297.0490657,17.41174671,72.7205726,3.403422698
2208,8.383761691,156.9518646,21923.87409,7.656831105,379.5416409,11.77396431,62.85578035,3.585736635
1850,7.793039171,257.657739,17398.38584,8.271245714,251.3839437,9.557030905,54.23543289,3.389270098
577,8.457901037,228.7321522,16061.5901,4.142485399,356.3048253,14.06171029,82.36469151,4.914276095
1945,7.080445821,196.6589466,36966.85332,8.986784338,294.3157326,13.82205734,85.77722213,2.664946055
2321,6.164480227,189.0587564,27312.16838,6.822156741,319.9515926,13.5025796,53.69620231,4.834023096
1559,6.816416925,237.2695048,24170.27489,8.706012437,349.772176,16.57405983,92.9457572,4.274738214
390,8.544708662,181.4134021,31429.37903,7.55502971,350.3970819,10.24723219,82.72191192,2.31815248
2971,4.281522089,188.7835766,22330.46679,6.957676199,325.160819,16.27485657,82.59522269,4.371167168
273,7.207886781,175.8702941,35804.29261,8.066059052,320.1021726,16.16409127,71.14666068,3.762741072
2277,6.565319432,141.5918405,12875.12778,9.116994487,340.9139201,17.10715957,86.06750973,2.233894046
3250,7.371914156,148.1936976,42059.38042,7.966710439,324.5462621,17.16650385,62.67775632,4.338957326
2164,7.038092306,204.923285,24607.0881,8.080155764,280.7456229,10.80755685,59.91244205,4.237697607
407,8.19576536,214.5176104,10389.54254,6.295405022,327.1938979,15.06704165,72.75681246,3.218709224
4,9.092223456,181.1015092,17978.98634,6.546599974,310.1357375,11.55827944,31.99799273,4.075075425
2734,5.810742057,151.8761719,25419.55166,7.874166461,313.3647974,14.64668497,77.37381255,3.436966862
635,6.715719088,195.1905985,19966.7447,7.744695763,354.2089232,17.32308073,67.9817406,2.443008006
1328,7.021295306,225.3504984,23109.85423,5.907272718,320.535989,13.6700989,77.3399182,3.675557956
3159,7.889579345,153.5697384,41210.66698,8.457638677,294.2600762,11.29257493,67.35476873,3.227360082
2813,6.941278904,180.817722,15433.13484,7.140121953,325.5158572,20.30233655,61.52068662,4.178959772
1141,9.30566048,163.9260265,39498.65929,6.914685303,325.8731338,12.71218695,62.47111474,4.485070147
1087,7.156424495,197.9935375,27025.20696,6.734527285,359.7105172,12.51197343,49.29984943,2.958414712
1490,6.792407469,306.6274814,28508.21693,6.811415525,293.0783048,9.006142614,60.91203353,2.505650441
914,5.791154373,190.4316792,20288.23557,6.298365795,347.0410203,17.70683826,84.38819143,4.104834817
3193,6.150034401,188.4130554,8406.723244,7.744713611,358.5917378,13.22029465,52.95663178,3.444442492
2986,3.832917409,218.72384,23535.0289,6.475402064,352.5058976,19.27356051,58.90369803,4.768660397
504,5.386307352,212.5929905,40149.31656,8.124231912,318.7916672,17.34880167,64.21090504,3.662563465
1621,8.069297893,191.0041072,16654.50937,8.038212718,350.5779501,12.29376979,49.0092564,3.021381555
865,7.207931097,204.0103465,18493.87218,5.557863756,311.5682272,12.99459554,31.39045029,4.705561884
1406,5.84866707,210.4412054,33095.3896,6.095883817,312.3757858,11.81333769,61.93507809,4.874534246
548,6.978290868,191.8584841,26189.64706,7.279433195,317.1841649,19.42689332,50.50653975,4.931878079
2734,5.810742057,151.8761719,25419.55166,7.874166461,313.3647974,14.64668497,77.37381255,3.436966862
1352,7.475536902,215.4291024,31359.38646,7.498494554,337.4623787,12.18630951,53.90882037,4.015574262
152,6.579969329,197.2269809,17657.08418,4.506293474,290.2898943,9.847655276,73.74971647,4.575931872
2261,3.798391049,189.6185279,18529.79803,6.888257231,396.1072301,15.2663309,86.68071074,4.833507857
717,9.961247709,220.038186,11939.76986,8.428753588,337.48361,14.7925852,60.99184258,3.246583097
711,7.688785916,209.1856253,29568.53585,9.817335635,294.3477322,13.91876862,71.68153964,3.918673156
1584,6.715799479,193.1625009,16006.97259,6.369162812,314.4524251,17.86553321,85.19251082,4.999752023
1482,7.015332583,222.1130042,16351.22629,7.838884174,353.1898057,8.840514451,66.54393516,5.251223104
309,10.04102797,113.8311122,16266.43445,7.939074358,363.8668902,13.19534068,75.23322131,3.807562606
476,8.237142634,190.0596949,20015.39811,8.385216673,356.0917613,17.74094364,37.71387806,4.939109441
407,8.19576536,214.5176104,10389.54254,6.295405022,327.1938979,15.06704165,72.75681246,3.218709224
260,4.997770601,280.0824107,26849.19474,6.130756542,374.2329606,15.57157096,70.56027461,3.404632906
147,9.769251006,264.2656543,8471.677381,8.349709767,359.2685426,15.04708691,52.64545853,4.636556195
2198,6.793698635,227.2257507,14470.05355,8.471508955,274.4447186,19.4021494,40.29059137,4.822958046
1912,7.760189365,206.2088341,34250.16392,7.930381857,299.1315985,19.35076512,80.62187235,4.590527649
1386,5.76255225,184.8474873,22159.01807,6.302263825,347.7751538,12.95054458,65.83974179,2.906589212
2619,5.057270546,155.4877245,19003.9639,6.25089349,305.8497968,15.77243798,97.19907686,4.432270873
3209,4.857802624,222.3999901,15668.27362,7.900790106,320.3945294,15.53056336,84.22877379,3.966570845
2315,6.98440553,181.7073433,18194.54531,8.263803917,371.1464579,11.26739837,68.1926582,3.406210458
1447,5.122648455,195.0188878,17279.51375,7.027441295,336.466042,4.861631498,72.83753967,3.504524534
2859,5.53953369,200.7116811,21021.41826,9.827309049,390.5541558,14.9558904,67.16981627,3.755660187
2801,4.85558776,145.7903699,14905.25591,9.829674656,392.6674818,10.44659031,52.28948388,4.697153026
1952,6.44455517,166.6351805,24855.83004,9.492361329,287.41238,10.69706756,65.65532568,3.551905359
2322,9.16099754,241.3830971,28170.8851,6.819603096,262.572042,8.120978575,48.25957164,3.542527793
327,9.597191857,167.088976,21153.32283,7.944469309,346.0750158,14.34767609,50.64244747,5.145152871
3169,5.666446145,142.1478106,24383.74154,9.989551221,320.2642831,23.60429797,77.03048701,3.836823301
1053,8.922409559,207.5207264,13291.92261,8.560537109,357.9443268,15.69273832,107.2823286,4.081728016
186,6.340027628,225.0281485,45222.50667,5.809031562,363.0057551,11.38593727,80.67031136,3.686001324
2806,7.33739985,176.7534996,18543.49936,7.127077798,278.3611769,14.77300488,85.68083615,4.981833943
465,5.445325981,201.3794591,28001.11818,7.208945955,331.5874839,11.78877657,65.9445663,3.946989523
1361,4.906491593,173.7791592,14786.1389,5.843756805,267.5611435,7.775895593,38.79430673,3.152344905
1017,8.551077748,216.4159321,28909.29028,6.936782341,295.2237067,16.20237144,79.85932286,4.04637969
1039,8.937802408,147.9168921,10562.46054,3.694274999,371.1763132,16.98075499,61.1580474,2.831234426
1823,7.831117737,182.4738756,19130.96153,6.803061491,340.2759489,10.7939957,75.89570012,3.807997464
1354,6.453064803,178.9982454,23129.46018,6.354508122,326.8531854,13.17830067,41.52586304,3.440858802
562,6.032188903,200.4207555,32882.15594,6.516518928,352.0186379,14.10482106,43.37680777,3.423831621
270,7.291888325,127.5442971,27784.04848,9.754475933,247.3354119,17.28504169,59.55632952,5.328712788
2667,9.338235018,248.3760156,17416.80178,6.665873261,342.7208077,19.74281527,58.65852985,1.872572601
346,4.296247024,278.1475241,19672.48721,4.955218159,414.6367262,11.29318661,70.66553966,4.163328982
1470,5.495035446,184.4348362,26744.30174,7.356517093,332.0302848,18.41792399,71.87557365,4.115428052
1966,6.866356515,185.6314869,13979.38175,7.043424624,375.4340325,17.19499164,74.55779007,4.346153563
2505,6.917920216,223.3329586,17862.14273,7.995890069,299.4027729,12.23090783,68.83682935,2.691485135
1903,7.795957801,239.2782545,27849.14209,6.47599443,356.1707021,18.69224837,50.12841529,4.25187617
2513,9.831401691,263.6327218,13345.3691,6.566928594,295.7742178,12.00232293,76.02136709,3.311808138
1964,7.614877639,246.0308561,33347.9711,8.222533309,345.8088086,10.76369093,98.36865575,2.990780894
2769,8.040144167,224.863482,6879.764653,8.136930576,418.9550103,12.40591315,73.21799019,3.986459812
962,7.239415921,211.8728279,13911.82663,8.204071006,345.0439831,15.41647494,32.74561137,4.531825295
1700,7.700362305,220.5717962,29432.20825,6.356293646,322.7503277,13.02743928,77.82980159,3.786486994
1579,5.736675709,180.2909076,12683.48329,7.907876695,423.876297,12.3928694,83.70704536,2.741791308
2284,6.021265943,236.9754961,19894.14759,7.587908534,286.938517,12.13160012,74.12666264,4.028042401
1318,6.724639342,223.1754155,41552.01966,7.744699887,271.1571199,13.16503461,61.05879567,2.921414772
784,7.442536475,180.8590906,18223.02708,8.577249577,405.3200157,14.76833656,57.7575536,2.191138422
2438,4.3107015,138.4318942,11842.75781,5.607450056,364.4584974,19.58832712,48.11862873,3.172375491
760,7.58194468,193.2864626,21675.68287,9.82149852,381.930744,16.10916917,92.60908364,4.833345774
1713,8.817402774,175.7549712,23173.31953,6.730860948,367.1541839,7.73310927,91.44335576,3.864098419
1034,7.117917746,216.1163186,20067.57279,9.605650817,349.084949,17.5391297,84.03285792,4.213567957
1440,6.629993518,209.1570219,20487.92383,7.278911619,332.8775737,20.75175131,60.23684354,3.155213653
1873,6.94702854,168.8795392,17540.03022,6.409476274,387.2999071,15.19819136,74.0073726,2.600187733
2968,4.663492192,170.9518296,41452.62557,8.72576539,362.4154187,16.27405101,60.61875415,3.742293454
1452,8.174028131,192.3904298,19808.53777,6.955821311,377.7001885,13.780973,59.5427687,3.986780704
702,6.436444496,192.9956648,19579.38955,7.640874322,314.922739,12.89704926,75.83913181,3.415851385
2910,7.975329901,165.7142418,17182.45036,7.002191994,383.2666554,18.65930379,76.03273945,3.306129017
3017,11.49685889,186.1252959,12253.30339,8.066979901,325.4093412,9.674082914,68.0739279,5.005193167
2448,6.48615266,224.8094556,26807.11951,3.267984092,319.0743576,10.66503022,63.72769254,3.246794305
265,7.788054733,212.6914573,29879.06015,6.998961533,360.668259,14.82874304,83.85633634,3.368757217
1034,7.117917746,216.1163186,20067.57279,9.605650817,349.084949,17.5391297,84.03285792,4.213567957
1118,8.073278952,191.8155235,17106.43865,7.8987316,333.477592,13.33538104,54.21628416,4.854312786
3147,6.259267533,130.3742719,9734.677103,10.28232887,320.3597655,10.84678707,43.42019517,3.932141959
271,7.275908774,175.2203765,22644.76635,7.886854527,293.3098537,17.41168255,56.79928677,5.062297798
2324,3.975752658,135.891978,17430.84194,6.305787651,373.486425,15.62431029,68.37096811,3.666823799
2322,9.16099754,241.3830971,28170.8851,6.819603096,262.572042,8.120978575,48.25957164,3.542527793
1994,7.664793523,223.5784735,20259.72585,7.385414294,351.1613311,14.20522105,73.19247007,5.481690934
3271,4.668101687,193.6817355,47580.9916,7.166638935,359.9485744,13.89441852,66.68769479,4.43582091
268,6.869638941,251.2934475,21728.8213,8.803174745,279.7768565,12.99414,56.40970792,4.726702454
2864,9.001822865,263.5141882,15379.91276,6.473673833,355.006426,22.04545659,61.51434191,3.976873452
881,6.571099217,207.741025,23372.88265,6.280195162,313.8469725,12.87480498,75.4167102,4.555949236
2017,8.11195317,217.2664724,38184.46957,7.254121956,311.9102239,13.02792065,78.58209386,4.430750456
221,6.613709118,141.1289215,25648.5695,7.222971557,295.2368921,14.03826326,74.2992498,3.539771111
1316,8.96969739,195.7447648,9049.682595,7.467068018,396.4535684,17.75769652,114.2086714,3.983098818
352,9.495456382,185.8785944,18088.35485,7.527375309,388.7686566,12.39770353,63.35914373,4.168541279
1713,8.817402774,175.7549712,23173.31953,6.730860948,367.1541839,7.73310927,91.44335576,3.864098419
710,5.251353815,167.924336,34768.93342,4.023081339,377.1434889,10.42915946,70.5933871,4.072252323
1252,8.245186596,199.3057742,13909.47907,9.369641789,406.0476089,14.80132901,97.27700425,4.125731794
428,7.63876177,178.2716356,18308.50267,6.548097821,362.3328717,11.29178773,81.98915623,4.496626599
1150,5.579517093,223.616393,13289.20165,7.698690079,368.897034,20.22442581,104.5808815,4.043914693
2669,8.93387761,278.2317536,14179.62274,8.12826238,318.3565023,16.66490001,48.35725675,4.374796522
2993,3.102075565,198.4886506,45148.80812,7.821650423,324.6440796,15.53012278,54.5742543,4.248075369
1059,7.617148871,196.606942,27080.26872,7.382754883,345.1798873,8.547283221,60.14470242,2.391540006
1360,8.281120655,227.6543506,17995.40522,7.493278655,323.3799873,14.36366131,16.2915046,3.687995064
1515,7.330196877,159.8037202,14884.33996,9.19457484,411.1006917,17.37573935,51.15397221,2.884715098
1102,7.457979827,183.4613095,14733.45876,7.475273364,335.6680457,8.963253883,82.58133835,4.497730796
2569,4.624304291,121.0363186,22981.74941,8.297074094,372.0373589,13.05403007,66.55346544,3.424250049
1163,5.728823779,197.1918394,12932.59039,5.684492228,280.9320636,14.17650116,68.12480944,4.41217355
271,7.275908774,175.2203765,22644.76635,7.886854527,293.3098537,17.41168255,56.79928677,5.062297798
3164,9.221955642,151.4548307,26502.59577,8.097193741,294.1927545,13.95175343,39.57240683,4.294251987
138,9.562405944,202.0136426,13041.82914,5.820655208,327.118824,14.13906591,63.54899266,3.762719837
2578,8.433974836,240.077927,10823.30037,8.418958241,317.3013687,8.07715615,49.27011459,3.167712353
2384,6.884981084,138.4401107,14893.2064,9.686434798,319.1349905,14.1840361,54.55907655,4.58431918
2239,7.78673469,192.179739,28086.8735,7.157951509,329.7086319,10.68134918,52.41546181,1.96147543
2304,7.116132606,204.0407822,25131.66528,5.402654753,292.3244035,12.83670966,55.40458673,3.915381678
782,7.998090254,241.0002765,9609.740605,9.842346073,229.5755609,14.99056698,39.84237909,2.626546784
1097,7.808012212,179.7999166,17037.72537,6.378364494,348.0715106,12.09249934,81.59236188,4.165549906
227,7.083779061,112.820254,8580.245561,4.210284081,234.8526993,23.39951606,94.1603073,3.887680685
388,6.448931033,240.244771,13979.16572,9.077984756,314.5904772,17.41690264,84.0247864,3.622195522
2434,7.833970824,240.8325285,25694.87371,4.300509255,301.7603856,16.88909788,96.89957583,4.814916877
704,6.144759038,210.9797475,19981.31519,9.203614112,271.0971043,17.18796335,79.63424204,3.082080496
1759,7.953878115,178.0665496,18677.27922,5.699539953,368.2176798,18.63860277,61.46280651,2.86022397
980,8.87027826,193.3699479,16854.12946,5.180105641,318.3546116,19.03221887,58.80919944,4.182740665
138,9.562405944,202.0136426,13041.82914,5.820655208,327.118824,14.13906591,63.54899266,3.762719837
1528,6.788291583,182.0368954,25661.36054,6.939853225,352.3449293,11.83538218,71.43603837,4.255948317
2246,5.573201157,229.1749865,15613.16053,4.157901706,383.4811157,10.75190372,63.7585161,3.599624661
1987,6.775631133,154.3725428,15525.39396,6.084132842,343.032161,17.11854325,56.12402405,3.017544306
594,5.284096687,185.7054923,26532.73725,6.132545674,328.1395817,17.39846476,47.0663922,4.800963142
3242,5.910539738,241.1407463,25721.83387,4.80675902,385.8874683,14.31682145,60.59035856,4.007508148
42,7.145771545,238.6899285,28780.34043,6.814028701,385.9756505,11.0931634,66.13804475,5.182590704
165,7.308048848,274.7049505,14600.53952,8.105802882,384.5648525,16.7616247,68.93722695,3.696119712
192,7.362736502,185.692181,16268.44861,5.317019275,316.9186485,16.02424609,64.67891377,4.408513182
1874,6.203322508,214.8501112,29426.47378,8.034868235,369.7266834,10.24786327,65.30863745,3.487920051
93,9.02678772,253.2170742,27965.07215,6.588374366,373.5532353,16.14573205,59.12445085,2.019042018
2219,7.610509211,208.817812,34538.54404,5.600619955,301.7872407,15.66890769,35.36505392,4.692217919
1301,3.433874059,152.4800753,16318.73361,5.973097827,313.0643165,9.970144463,68.50754203,4.104938403
2537,5.49978773,150.07609,43195.47367,6.570596052,322.5165819,11.23040822,71.82128076,3.668220483
2973,6.825647037,176.8410625,12838.91437,5.792424748,393.7986482,15.82134631,104.2309492,2.804480385
1005,6.168838539,238.3010478,24827.51664,7.720010959,269.4901733,22.09199022,79.1692811,4.435760073
339,7.543700466,161.6231416,19116.01208,8.493406749,289.9599529,13.33676961,80.24323689,3.630536578
1220,5.068795502,211.6895022,22781.36453,5.330123052,317.1039028,14.49579062,77.21227436,4.362085653
3019,9.347344621,201.6328357,13749.59604,7.333742136,322.0446668,12.43471613,43.82711868,3.615151099
1878,5.921247069,200.9437304,17397.40286,6.756200029,279.2023071,11.2553569,31.96629681,3.74677556
1606,6.442496436,183.0713549,11592.44562,8.960736008,408.2426703,16.14825846,83.33251626,2.891018879
852,6.753128353,191.9829945,18222.93196,3.920973662,296.196618,9.689143568,92.21961523,5.102516757
379,9.443358884,73.49223369,20438.22469,8.024953111,315.8056588,12.53868069,50.85247034,3.486646409
2435,8.142660401,220.6309721,20111.22595,7.446877056,354.8971312,19.72128766,53.71936605,4.617093489
2929,7.528980405,225.3409863,8129.734919,6.305472317,309.2312466,16.96194437,64.26578716,3.644409765
2180,5.189413669,171.2389255,12289.90092,10.78649982,301.2308482,12.28433352,54.47393462,4.876273
2074,10.14629048,242.1517339,24649.67475,4.803372505,347.0697246,17.61479894,73.00154536,4.481552363
2686,7.945909069,213.0664067,16769.89055,4.745340497,292.4192469,14.18985646,82.05440434,3.58543125
1306,8.307462969,229.9412343,18452.64557,6.895145947,338.4837028,9.512102516,84.05341481,4.625729242
1263,6.115180039,226.0844294,24699.5239,6.707523246,298.3293394,14.53607988,71.04548037,3.69086186
251,9.024845037,128.0966912,19859.67648,8.016422649,300.150377,14.77086294,73.77802565,3.985250506
1610,8.25121778,167.3853532,17617.87631,7.044432595,323.4000316,12.4935102,61.27523403,3.495062986
3000,6.931244178,207.5889535,24359.47041,7.222004281,313.8197131,16.49509195,75.04191395,4.897957118
308,6.79546901,187.7830201,15300.83867,7.486598424,316.9569345,19.60042881,55.40111272,5.163088154
448,8.079808358,174.1610935,12677.8415,7.295211586,333.5825418,14.85222533,39.52938651,3.611057441
10,7.360640106,165.5207973,32452.61441,7.550700907,326.6243535,15.58681044,78.74001566,3.662291783
3143,6.332386866,186.8380279,23073.06397,8.082003932,326.9804759,9.641441539,60.94002778,5.159001749
891,7.833495881,220.9574326,28338.98146,9.370848444,316.2744033,15.33300458,57.03352177,5.580829963
696,9.545270521,212.0463911,25189.83062,6.203868785,316.5673193,20.05151858,52.90112726,4.983903465
1216,6.635894308,194.04978,20339.01687,6.032863905,307.9549023,15.894674,57.6434569,4.523236866
1899,6.879404957,214.7318875,20509.33196,9.035250354,321.3832777,12.47730317,79.69207986,4.70047023
807,9.869231935,223.7726613,29549.65882,7.716922923,281.1184903,14.20266406,84.01358459,4.736849577
1474,5.82126163,204.04889,37174.00541,7.867815242,329.0195542,13.98870666,96.82696136,4.371078785
2797,7.210773702,163.0472827,14230.41913,7.352940592,324.0957261,9.7930101,89.91991552,4.462408041
3173,7.618119572,202.715501,44539.73832,5.816215976,338.0700701,13.35165195,73.60191818,3.769699537
423,7.967344823,180.5317069,19384.03743,9.868237892,325.4968479,11.26512723,67.27220668,4.069358772
2557,8.528292138,227.6862066,27352.34341,7.676323151,349.995746,12.61173596,80.18607145,4.596923506
736,8.238996597,199.5945387,25046.79864,9.288019857,350.835986,18.74323079,54.41696499,3.089923749
1444,6.848033469,165.8153256,6068.454885,6.132131504,373.2068337,11.11817146,64.02759951,4.257037543
2439,7.895769121,168.7240474,28723.61763,9.34147523,353.9761813,11.99277233,79.86055183,4.391731338
2300,2.97442941,147.1486747,17326.20225,2.498596721,393.1687446,12.79818681,76.41306857,2.779901842
2752,5.039673104,154.4183296,23027.54976,7.7598434,422.7690683,17.72838904,69.50852573,4.864866409
1095,4.187490815,208.3741881,21809.70983,5.846112042,327.4742031,11.23514423,46.68259729,4.592959344
2689,7.172323075,191.3894225,14702.05907,6.55710482,313.8662822,12.63018164,108.2652268,3.08421564
1895,8.053043682,211.7832353,37086.54605,8.267536832,251.4434997,19.16662023,73.24898433,3.301574895
581,7.895045662,174.6926854,10465.2616,7.668315445,350.535418,14.63390897,60.86223373,3.084431233
2059,7.031684051,201.0021059,24510.50756,5.818273623,401.268832,12.84681897,89.19243338,4.422182857
384,9.739561949,166.948864,13623.16006,7.235921759,385.0591343,12.32260382,68.50585165,2.568079877
2950,6.316470521,187.030116,32651.80276,8.149177522,314.2083463,14.24342069,60.26917985,4.902735486
2867,7.125211076,209.7467712,16701.56598,7.45874145,320.5009449,18.95279673,92.34737526,3.908075346
2016,7.347030356,199.6137208,19073.25959,5.766832205,336.9943349,12.48248239,56.79408397,4.2978807
2431,8.205550719,204.6658287,17414.52062,6.839622493,276.7700977,12.50560143,83.91674916,5.12952782
983,7.790874862,196.4787124,24061.3496,6.78568519,350.1172538,15.34331564,44.54462707,3.076214341
498,6.427512443,178.3265554,25993.71141,7.29455407,329.6952227,11.97427024,60.73672331,6.032994877
1573,6.010617577,184.5585817,15940.57327,8.165222041,421.4860892,20.31461674,83.70793779,4.867287404
1931,7.041665417,178.2857485,25419.7695,6.772750799,316.4338541,11.55709678,73.25622049,3.099746163
1589,7.007974587,248.9047116,26136.31357,7.773735988,335.0542435,10.90547626,75.33302517,4.628974864
250,9.445129838,145.8054024,13168.52916,9.444471086,310.5833739,8.606396747,77.57745951,3.875165247
2094,6.890274539,185.7441467,12218.09594,8.022936053,350.6578722,17.0648969,86.63182292,4.100696951
1032,8.69712216,166.4527742,27752.00024,5.350923532,372.2640994,13.74866795,75.02454461,4.180567593
1581,5.991371082,186.7226312,28702.95238,5.922292949,338.0275987,17.66455498,68.57319774,4.53937115
2268,7.83431924,171.2887849,25918.56795,8.589393961,307.2286661,16.407803,60.18211487,3.532936096
57,4.999413811,190.2870501,24323.8659,7.230164127,324.8930378,8.236557503,99.42738492,4.460683932
1665,7.473235377,223.2649362,19932.58523,5.770106829,317.7088539,13.5569112,89.45357545,3.87771425
2476,5.04562573,179.7025031,22557.6036,10.12033402,296.4251538,14.21581713,82.06633367,3.331786641
2531,9.076317994,215.9127233,14153.64338,5.02002691,333.4992027,10.77632094,69.11459306,3.436985824
1912,7.760189365,206.2088341,34250.16392,7.930381857,299.1315985,19.35076512,80.62187235,4.590527649
1280,6.584839333,196.133985,16609.92549,6.673977405,323.372352,12.50155351,85.68214597,3.919954569
3178,5.456680888,219.5198857,20967.84061,6.826782139,355.0828781,14.02928505,57.85250664,3.799472549
208,10.02615916,224.2663577,14962.17783,7.428313128,336.9729496,18.85851888,65.36345158,4.182277582
490,6.624806428,204.3429275,21443.26475,5.980401833,312.3152294,11.96510684,62.52033323,2.840910756
2139,7.66752086,163.3458187,25035.27104,8.258578048,329.5970914,16.07850035,89.09365036,4.618164705
2171,6.865125275,216.7444577,13529.03876,5.61849239,402.3134271,15.69277076,86.37808196,3.95515371
183,6.769572869,168.9370725,11067.18115,7.121263609,305.7949503,18.54590296,62.00157128,5.22054027
681,3.623165848,156.8989167,26738.52536,5.023142591,388.7522531,17.1960121,63.56487022,5.370205549
1610,8.25121778,167.3853532,17617.87631,7.044432595,323.4000316,12.4935102,61.27523403,3.495062986
2417,7.15905299,161.4787104,25591.84098,10.189528,367.5963965,15.44784173,51.18831727,4.291668967
622,4.02905271,203.3868565,42327.16802,8.550483092,279.6752556,13.75883583,46.38406377,4.179656267
1636,6.706695161,232.926598,27881.50441,7.881448097,337.1110167,14.52338912,64.12174013,4.371882445
3100,6.481890279,179.9197108,34698.62116,8.538491677,338.0123232,16.40936387,59.95481517,5.002360533
1928,7.425102223,204.4862816,18608.94087,7.434492748,318.1832966,16.24475501,94.60531109,2.558772744
254,7.174135163,203.4089346,20401.10246,7.681806287,287.0856791,14.53351004,74.40561603,3.939895657
339,7.543700466,161.6231416,19116.01208,8.493406749,289.9599529,13.33676961,80.24323689,3.630536578
591,6.475885399,177.2949494,16532.82882,10.09658797,305.2489447,6.776145723,65.1464903,4.306112971
2261,3.798391049,189.6185279,18529.79803,6.888257231,396.1072301,15.2663309,86.68071074,4.833507857
1895,8.053043682,211.7832353,37086.54605,8.267536832,251.4434997,19.16662023,73.24898433,3.301574895
1998,7.544305636,211.0511462,34359.4008,8.166793312,365.8123125,18.55347833,60.16274551,3.714096435
2002,7.035036795,220.5018877,19746.49325,7.059382856,371.9126148,15.30343324,67.90175839,4.557028866
